policy,replication,readmission_rate,absolute_reduction,intervention_count
random,0,0.12080536912751678,0.0024235645041014164,1073
feature_only,0,0.11120432513049963,0.01202460850111857,1073
risk_only,0,0.11120432513049963,0.01202460850111857,1073
network_only,0,0.12201715137956749,0.0012117822520507082,1073
risk_network,0,0.11269574944071588,0.010533184190902323,1073
random,1,0.1215510812826249,0.0028896346010440083,1073
feature_only,1,0.10952647278150635,0.014914243102162564,1073
risk_only,1,0.10952647278150635,0.014914243102162564,1073
network_only,1,0.12285607755406414,0.0015846383296047734,1073
risk_network,1,0.11185682326621924,0.012583892617449674,1073
random,2,0.12481357196122297,0.0018642803877703118,1073
feature_only,2,0.1122296793437733,0.014448173005219986,1073
risk_only,2,0.1122296793437733,0.014448173005219986,1073
network_only,2,0.12378821774794929,0.0028896346010439944,1073
risk_network,2,0.1145600298284862,0.012117822520507082,1073
random,3,0.11940715883668904,0.0033557046979865723,1073
feature_only,3,0.10999254287844892,0.012770320656226686,1073
risk_only,3,0.10999254287844892,0.012770320656226686,1073
network_only,3,0.1208985831469053,0.0018642803877703118,1073
risk_network,3,0.11055182699478001,0.012211036539895595,1073
random,4,0.11875466070096942,0.0031692766592095467,1073
feature_only,4,0.10859433258762118,0.01332960477255779,1073
risk_only,4,0.10859433258762118,0.01332960477255779,1073
network_only,4,0.12024608501118568,0.0016778523489932862,1073
risk_network,4,0.11008575689783744,0.01183818046234153,1073
random,5,0.122110365398956,0.002237136465324377,1073
feature_only,5,0.11213646532438479,0.012211036539895595,1073
risk_only,5,0.11213646532438479,0.012211036539895595,1073
network_only,5,0.12341536167039523,0.0009321401938851559,1073
risk_network,5,0.11390753169276659,0.010439970171513796,1073
random,6,0.12444071588366891,0.003448918717375085,1073
feature_only,6,0.11502609992542878,0.012863534675615212,1073
risk_only,6,0.11502609992542878,0.012863534675615212,1073
network_only,6,0.12611856823266218,0.0017710663683818129,1073
risk_network,6,0.11698359433258762,0.010906040268456374,1073
random,7,0.12229679343773303,0.002609992542878456,1073
feature_only,7,0.11204325130499627,0.012863534675615212,1073
risk_only,7,0.11204325130499627,0.012863534675615212,1073
network_only,7,0.12229679343773303,0.002609992542878456,1073
risk_network,7,0.11409395973154363,0.010812826249067861,1073
random,8,0.11922073079791201,0.002982848620432507,1073
feature_only,8,0.10915361670395228,0.013049962714392238,1073
risk_only,8,0.10915361670395228,0.013049962714392238,1073
network_only,8,0.12033929903057419,0.0018642803877703257,1073
risk_network,8,0.11120432513049963,0.010999254287844887,1073
random,9,0.12649142431021626,0.002237136465324391,1073
feature_only,9,0.11521252796420582,0.01351603281133483,1073
risk_only,9,0.11521252796420582,0.01351603281133483,1073
network_only,9,0.1266778523489933,0.002050708426547365,1073
risk_network,9,0.1167971662938106,0.011931394481730057,1073
random,10,0.12472035794183445,0.0031692766592095467,1073
feature_only,10,0.11465324384787472,0.013236390753169278,1073
risk_only,10,0.11465324384787472,0.013236390753169278,1073
network_only,10,0.12593214019388516,0.0019574944071588385,1073
risk_network,10,0.11670395227442207,0.011185682326621926,1073
random,11,0.11959358687546608,0.003448918717375085,1073
feature_only,11,0.11008575689783744,0.012956748695003725,1073
risk_only,11,0.11008575689783744,0.012956748695003725,1073
network_only,11,0.12099179716629381,0.0020507084265473513,1073
risk_network,11,0.11101789709172259,0.01202460850111857,1073
random,12,0.12239000745712156,0.002237136465324377,1073
feature_only,12,0.11362788963460105,0.010999254287844887,1073
risk_only,12,0.11362788963460105,0.010999254287844887,1073
network_only,12,0.12360178970917227,0.0010253542132736687,1073
risk_network,12,0.11558538404175989,0.009041759880686048,1073
random,13,0.12080536912751678,0.002982848620432507,1073
feature_only,13,0.11064504101416853,0.013143176733780765,1073
risk_only,13,0.11064504101416853,0.013143176733780765,1073
network_only,13,0.12220357941834452,0.0015846383296047734,1073
risk_network,13,0.11232289336316181,0.011465324384787479,1073
random,14,0.11950037285607755,0.002982848620432521,1073
feature_only,14,0.10961968680089486,0.012863534675615212,1073
risk_only,14,0.10961968680089486,0.012863534675615212,1073
network_only,14,0.12108501118568232,0.0013982102908277477,1073
risk_network,14,0.11055182699478001,0.011931394481730057,1073
random,15,0.11912751677852348,0.0023303504847129036,1073
feature_only,15,0.10663683818046234,0.014821029082774051,1073
risk_only,15,0.10663683818046234,0.014821029082774051,1073
network_only,15,0.11987322893363161,0.0015846383296047734,1073
risk_network,15,0.10961968680089486,0.01183818046234153,1073
random,16,0.12005965697240865,0.002237136465324377,1073
feature_only,16,0.10887397464578673,0.013422818791946303,1073
risk_only,16,0.10887397464578673,0.013422818791946303,1073
network_only,16,0.1208985831469053,0.0013982102908277338,1073
risk_network,16,0.11055182699478001,0.011744966442953017,1073
random,17,0.12127143922445936,0.0028896346010439944,1073
feature_only,17,0.11120432513049963,0.012956748695003725,1073
risk_only,17,0.11120432513049963,0.012956748695003725,1073
network_only,17,0.12201715137956749,0.002143922445935864,1073
risk_network,17,0.11353467561521252,0.010626398210290836,1073
random,18,0.12350857568978374,0.002609992542878442,1073
feature_only,18,0.11362788963460105,0.012490678598061133,1073
risk_only,18,0.11362788963460105,0.012490678598061133,1073
network_only,18,0.12434750186428038,0.001771066368381799,1073
risk_network,18,0.11642431021625653,0.009694258016405652,1073
random,19,0.12248322147651007,0.0024235645041014164,1073
feature_only,19,0.11148396718866517,0.013422818791946317,1073
risk_only,19,0.11148396718866517,0.013422818791946317,1073
network_only,19,0.1232289336316182,0.0016778523489932862,1073
risk_network,19,0.11474645786726323,0.010160328113348258,1073
random,20,0.11782252050708426,0.0027032065622669688,1073
feature_only,20,0.10840790454884415,0.012117822520507082,1073
risk_only,20,0.10840790454884415,0.012117822520507082,1073
network_only,20,0.11847501864280388,0.0020507084265473513,1073
risk_network,20,0.11017897091722595,0.010346756152125283,1073
random,21,0.12239000745712156,0.0028896346010439944,1073
feature_only,21,0.11120432513049963,0.01407531692766592,1073
risk_only,21,0.11120432513049963,0.01407531692766592,1073
network_only,21,0.12341536167039523,0.0018642803877703257,1073
risk_network,21,0.11316181953765847,0.012117822520507082,1073
random,22,0.12201715137956749,0.002703206562266955,1073
feature_only,22,0.11353467561521252,0.011185682326621926,1073
risk_only,22,0.11353467561521252,0.011185682326621926,1073
network_only,22,0.12304250559284116,0.0016778523489932862,1073
risk_network,22,0.11353467561521252,0.011185682326621926,1073
random,23,0.1232289336316182,0.0023303504847129036,1073
feature_only,23,0.1127889634601044,0.0127703206562267,1073
risk_only,23,0.1127889634601044,0.0127703206562267,1073
network_only,23,0.12406785980611484,0.0014914243102162605,1073
risk_network,23,0.11502609992542878,0.010533184190902323,1073
random,24,0.12043251304996272,0.0033557046979865723,1073
feature_only,24,0.11167039522744221,0.012117822520507082,1073
risk_only,24,0.11167039522744221,0.012117822520507082,1073
network_only,24,0.12183072334079045,0.0019574944071588385,1073
risk_network,24,0.11288217747949292,0.010906040268456374,1073
random,25,0.11894108873974646,0.002237136465324377,1073
feature_only,25,0.1092468307233408,0.011931394481730043,1073
risk_only,25,0.1092468307233408,0.011931394481730043,1073
network_only,25,0.11959358687546608,0.0015846383296047595,1073
risk_network,25,0.11055182699478001,0.010626398210290822,1073
random,26,0.1167971662938106,0.0024235645041014164,1073
feature_only,26,0.10626398210290827,0.01295674869500374,1073
risk_only,26,0.10626398210290827,0.01295674869500374,1073
network_only,26,0.1174496644295302,0.0017710663683818129,1073
risk_network,26,0.10840790454884415,0.010812826249067861,1073
random,27,0.11968680089485459,0.0024235645041014164,1073
feature_only,27,0.10831469052945562,0.013795674869500382,1073
risk_only,27,0.10831469052945562,0.013795674869500382,1073
network_only,27,0.1208985831469053,0.0012117822520507082,1073
risk_network,27,0.11036539895600299,0.011744966442953017,1073
random,28,0.12136465324384788,0.0025167785234899293,1073
feature_only,28,0.1104586129753915,0.013422818791946303,1073
risk_only,28,0.1104586129753915,0.013422818791946303,1073
network_only,28,0.12183072334079045,0.0020507084265473513,1073
risk_network,28,0.11139075316927666,0.012490678598061147,1073
random,29,0.12145786726323639,0.002982848620432521,1073
feature_only,29,0.11288217747949292,0.011558538404175991,1073
risk_only,29,0.11288217747949292,0.011558538404175991,1073
network_only,29,0.12239000745712156,0.0020507084265473513,1073
risk_network,29,0.11446681580909769,0.009973900074571218,1073
random,30,0.12639821029082773,0.0015846383296047872,1073
feature_only,30,0.11539895600298285,0.012583892617449674,1073
risk_only,30,0.11539895600298285,0.012583892617449674,1073
network_only,30,0.12630499627143923,0.0016778523489932862,1073
risk_network,30,0.11707680835197613,0.010906040268456388,1073
random,31,0.12360178970917227,0.0029828486204324933,1073
feature_only,31,0.11372110365398956,0.012863534675615199,1073
risk_only,31,0.11372110365398956,0.012863534675615199,1073
network_only,31,0.12453392990305742,0.0020507084265473374,1073
risk_network,31,0.1156785980611484,0.01090604026845636,1073
random,32,0.12071215510812826,0.0027964205816554816,1073
feature_only,32,0.11120432513049963,0.012304250559284108,1073
risk_only,32,0.11120432513049963,0.012304250559284108,1073
network_only,32,0.12164429530201343,0.0018642803877703118,1073
risk_network,32,0.1122296793437733,0.011278896346010439,1073
random,33,0.12145786726323639,0.002982848620432521,1073
feature_only,33,0.11139075316927666,0.013049962714392252,1073
risk_only,33,0.11139075316927666,0.013049962714392252,1073
network_only,33,0.12257643549589858,0.0018642803877703257,1073
risk_network,33,0.11325503355704698,0.011185682326621926,1073
random,34,0.12257643549589858,0.0028896346010439944,1073
feature_only,34,0.11269574944071588,0.0127703206562267,1073
risk_only,34,0.11269574944071588,0.0127703206562267,1073
network_only,34,0.12360178970917227,0.0018642803877703118,1073
risk_network,34,0.11362788963460105,0.01183818046234153,1073
random,35,0.12453392990305742,0.0018642803877703118,1073
feature_only,35,0.11493288590604027,0.011465324384787465,1073
risk_only,35,0.11493288590604027,0.011465324384787465,1073
network_only,35,0.12490678598061149,0.0014914243102162467,1073
risk_network,35,0.11726323639075317,0.009134973900074561,1073
random,36,0.12183072334079045,0.002237136465324391,1073
feature_only,36,0.1122296793437733,0.011838180462341544,1073
risk_only,36,0.1122296793437733,0.011838180462341544,1073
network_only,36,0.12201715137956749,0.0020507084265473513,1073
risk_network,36,0.11381431767337807,0.01025354213273677,1073
random,37,0.12127143922445936,0.0015846383296047734,1073
feature_only,37,0.11036539895600299,0.012490678598061147,1073
risk_only,37,0.11036539895600299,0.012490678598061147,1073
network_only,37,0.12127143922445936,0.0015846383296047734,1073
risk_network,37,0.11213646532438479,0.010719612229679348,1073
random,38,0.12164429530201343,0.0024235645041014164,1073
feature_only,38,0.11101789709172259,0.013049962714392252,1073
risk_only,38,0.11101789709172259,0.013049962714392252,1073
network_only,38,0.1226696495152871,0.0013982102908277477,1073
risk_network,38,0.11232289336316181,0.011744966442953031,1073
random,39,0.11931394481730052,0.0018642803877703118,1073
feature_only,39,0.1093400447427293,0.01183818046234153,1073
risk_only,39,0.1093400447427293,0.01183818046234153,1073
network_only,39,0.11959358687546608,0.0015846383296047595,1073
risk_network,39,0.11092468307233408,0.010253542132736757,1073
random,40,0.12136465324384788,0.0025167785234899293,1073
feature_only,40,0.11036539895600299,0.013516032811334816,1073
risk_only,40,0.11036539895600299,0.013516032811334816,1073
network_only,40,0.12201715137956749,0.0018642803877703118,1073
risk_network,40,0.1127889634601044,0.0110924683072334,1073
random,41,0.1226696495152871,0.0023303504847129036,1073
feature_only,41,0.11306860551826994,0.011931394481730057,1073
risk_only,41,0.11306860551826994,0.011931394481730057,1073
network_only,41,0.12341536167039523,0.0015846383296047734,1073
risk_network,41,0.11437360178970918,0.010626398210290822,1073
random,42,0.11819537658463833,0.0027032065622669688,1073
feature_only,42,0.10682326621923938,0.01407531692766592,1073
risk_only,42,0.10682326621923938,0.01407531692766592,1073
network_only,42,0.11922073079791201,0.0016778523489932862,1073
risk_network,42,0.10868754660700969,0.012211036539895609,1073
random,43,0.1145600298284862,0.0025167785234899293,1073
feature_only,43,0.1052386278896346,0.01183818046234153,1073
risk_only,43,0.1052386278896346,0.01183818046234153,1073
network_only,43,0.11586502609992543,0.0012117822520507082,1073
risk_network,43,0.10691648023862789,0.010160328113348244,1073
random,44,0.12462714392244593,0.002609992542878456,1073
feature_only,44,0.11474645786726323,0.012490678598061161,1073
risk_only,44,0.11474645786726323,0.012490678598061161,1073
network_only,44,0.12583892617449666,0.0013982102908277338,1073
risk_network,44,0.11651752423564504,0.010719612229679348,1073
random,45,0.12071215510812826,0.0036353467561521247,1073
feature_only,45,0.11288217747949292,0.011465324384787465,1073
risk_only,45,0.11288217747949292,0.011465324384787465,1073
network_only,45,0.1215510812826249,0.0027964205816554816,1073
risk_network,45,0.11362788963460105,0.010719612229679334,1073
random,46,0.12061894108873975,0.003448918717375099,1073
feature_only,46,0.1098993288590604,0.014168530947054447,1073
risk_only,46,0.1098993288590604,0.014168530947054447,1073
network_only,46,0.12229679343773303,0.0017710663683818129,1073
risk_network,46,0.11260253542132737,0.011465324384787479,1073
random,47,0.11959358687546608,0.0023303504847128897,1073
feature_only,47,0.1104586129753915,0.011465324384787465,1073
risk_only,47,0.1104586129753915,0.011465324384787465,1073
network_only,47,0.12061894108873975,0.001304996271439221,1073
risk_network,47,0.11297539149888143,0.008948545861297535,1073
random,48,0.12108501118568232,0.0028896346010439944,1073
feature_only,48,0.1111111111111111,0.012863534675615212,1073
risk_only,48,0.1111111111111111,0.012863534675615212,1073
network_only,48,0.122110365398956,0.0018642803877703118,1073
risk_network,48,0.11306860551826994,0.010906040268456374,1073
random,49,0.12229679343773303,0.002516778523489943,1073
feature_only,49,0.11129753914988814,0.01351603281133483,1073
risk_only,49,0.11129753914988814,0.01351603281133483,1073
network_only,49,0.12276286353467561,0.002050708426547365,1073
risk_network,49,0.11381431767337807,0.0109992542878449,1073
random,50,0.1185682326621924,0.0027964205816554816,1073
feature_only,50,0.11036539895600299,0.010999254287844887,1073
risk_only,50,0.11036539895600299,0.010999254287844887,1073
network_only,50,0.11987322893363161,0.0014914243102162605,1073
risk_network,50,0.11120432513049963,0.010160328113348244,1073
random,51,0.12406785980611484,0.0025167785234899154,1073
feature_only,51,0.11437360178970918,0.012211036539895581,1073
risk_only,51,0.11437360178970918,0.012211036539895581,1073
network_only,51,0.12490678598061149,0.0016778523489932723,1073
risk_network,51,0.116331096196868,0.010253542132736757,1073
random,52,0.12015287099179717,0.0020507084265473513,1073
feature_only,52,0.10859433258762118,0.013609246830723343,1073
risk_only,52,0.10859433258762118,0.013609246830723343,1073
network_only,52,0.11996644295302013,0.002237136465324391,1073
risk_network,52,0.1098993288590604,0.012304250559284122,1073
random,53,0.11772930648769575,0.0024235645041014164,1073
feature_only,53,0.10775540641312453,0.012397464578672635,1073
risk_only,53,0.10775540641312453,0.012397464578672635,1073
network_only,53,0.1185682326621924,0.0015846383296047734,1073
risk_network,53,0.10952647278150635,0.010626398210290822,1073
random,54,0.11847501864280388,0.002143922445935864,1073
feature_only,54,0.1081282624906786,0.012490678598061147,1073
risk_only,54,0.1081282624906786,0.012490678598061147,1073
network_only,54,0.11912751677852348,0.0014914243102162605,1073
risk_network,54,0.10971290082028337,0.010906040268456374,1073
random,55,0.11754287844891871,0.0017710663683818129,1073
feature_only,55,0.10756897837434751,0.011744966442953017,1073
risk_only,55,0.10756897837434751,0.011744966442953017,1073
network_only,55,0.11763609246830724,0.0016778523489932862,1073
risk_network,55,0.10915361670395228,0.010160328113348244,1073
random,56,0.12425428784489187,0.0023303504847128897,1073
feature_only,56,0.11465324384787472,0.011931394481730043,1073
risk_only,56,0.11465324384787472,0.011931394481730043,1073
network_only,56,0.12481357196122297,0.001771066368381785,1073
risk_network,56,0.11661073825503356,0.009973900074571204,1073
random,57,0.12229679343773303,0.0027964205816554955,1073
feature_only,57,0.11381431767337807,0.011278896346010453,1073
risk_only,57,0.11381431767337807,0.011278896346010453,1073
network_only,57,0.12360178970917227,0.0014914243102162605,1073
risk_network,57,0.11493288590604027,0.010160328113348258,1073
random,58,0.12173750932140194,0.0027032065622669688,1073
feature_only,58,0.11148396718866517,0.01295674869500374,1073
risk_only,58,0.11148396718866517,0.01295674869500374,1073
network_only,58,0.12285607755406414,0.0015846383296047734,1073
risk_network,58,0.11176360924683072,0.012677106636838187,1073
random,59,0.1186614466815809,0.0028896346010439944,1073
feature_only,59,0.1092468307233408,0.012304250559284108,1073
risk_only,59,0.1092468307233408,0.012304250559284108,1073
network_only,59,0.11950037285607755,0.0020507084265473513,1073
risk_network,59,0.11027218493661446,0.011278896346010439,1073
random,60,0.11819537658463833,0.0036353467561521247,1073
feature_only,60,0.10896718866517524,0.012863534675615212,1073
risk_only,60,0.10896718866517524,0.012863534675615212,1073
network_only,60,0.12005965697240865,0.001771066368381799,1073
risk_network,60,0.10980611483967188,0.01202460850111857,1073
random,61,0.1232289336316182,0.002703206562266955,1073
feature_only,61,0.11195003728560776,0.013982102908277394,1073
risk_only,61,0.11195003728560776,0.013982102908277394,1073
network_only,61,0.12444071588366891,0.0014914243102162467,1073
risk_network,61,0.11325503355704698,0.012677106636838173,1073
random,62,0.12416107382550336,0.0020507084265473513,1073
feature_only,62,0.1127889634601044,0.013422818791946303,1073
risk_only,62,0.1127889634601044,0.013422818791946303,1073
network_only,62,0.1238814317673378,0.0023303504847129036,1073
risk_network,62,0.11372110365398956,0.012490678598061147,1073
random,63,0.11940715883668904,0.0023303504847129036,1073
feature_only,63,0.10961968680089486,0.012117822520507082,1073
risk_only,63,0.10961968680089486,0.012117822520507082,1073
network_only,63,0.12052572706935123,0.0012117822520507082,1073
risk_network,63,0.11139075316927666,0.010346756152125283,1073
random,64,0.11922073079791201,0.0032624906785980595,1073
feature_only,64,0.11055182699478001,0.011931394481730057,1073
risk_only,64,0.11055182699478001,0.011931394481730057,1073
network_only,64,0.12127143922445936,0.0012117822520507082,1073
risk_network,64,0.11213646532438479,0.010346756152125283,1073
random,65,0.12332214765100671,0.0027032065622669688,1073
feature_only,65,0.11297539149888143,0.013049962714392252,1073
risk_only,65,0.11297539149888143,0.013049962714392252,1073
network_only,65,0.12434750186428038,0.0016778523489933,1073
risk_network,65,0.11549217002237136,0.010533184190902323,1073
random,66,0.12183072334079045,0.0023303504847129036,1073
feature_only,66,0.11167039522744221,0.012490678598061147,1073
risk_only,66,0.11167039522744221,0.012490678598061147,1073
network_only,66,0.122110365398956,0.0020507084265473513,1073
risk_network,66,0.11260253542132737,0.011558538404175991,1073
random,67,0.11726323639075317,0.002237136465324377,1073
feature_only,67,0.10719612229679344,0.012304250559284108,1073
risk_only,67,0.10719612229679344,0.012304250559284108,1073
network_only,67,0.1180089485458613,0.0014914243102162467,1073
risk_network,67,0.10784862043251305,0.011651752423564504,1073
random,68,0.1185682326621924,0.0019574944071588385,1073
feature_only,68,0.10728933631618195,0.013236390753169278,1073
risk_only,68,0.10728933631618195,0.013236390753169278,1073
network_only,68,0.11894108873974646,0.0015846383296047734,1073
risk_network,68,0.10850111856823266,0.01202460850111857,1073
random,69,0.12052572706935123,0.0032624906785980595,1073
feature_only,69,0.11092468307233408,0.012863534675615212,1073
risk_only,69,0.11092468307233408,0.012863534675615212,1073
network_only,69,0.12192393736017897,0.0018642803877703257,1073
risk_network,69,0.11195003728560776,0.01183818046234153,1073
random,70,0.122110365398956,0.002237136465324377,1073
feature_only,70,0.1127889634601044,0.011558538404175978,1073
risk_only,70,0.1127889634601044,0.011558538404175978,1073
network_only,70,0.12378821774794929,0.0005592841163310908,1073
risk_network,70,0.11428038777032065,0.010067114093959731,1073
random,71,0.1186614466815809,0.0017710663683818129,1073
feature_only,71,0.10868754660700969,0.011744966442953031,1073
risk_only,71,0.10868754660700969,0.011744966442953031,1073
network_only,71,0.11847501864280388,0.0019574944071588385,1073
risk_network,71,0.10906040268456375,0.011372110365398966,1073
random,72,0.12294929157345265,0.0018642803877703257,1073
feature_only,72,0.11148396718866517,0.013329604772557804,1073
risk_only,72,0.11148396718866517,0.013329604772557804,1073
network_only,72,0.12332214765100671,0.0014914243102162605,1073
risk_network,72,0.11297539149888143,0.011838180462341544,1073
random,73,0.12117822520507084,0.002516778523489943,1073
feature_only,73,0.11260253542132737,0.011092468307233413,1073
risk_only,73,0.11260253542132737,0.011092468307233413,1073
network_only,73,0.12183072334079045,0.0018642803877703257,1073
risk_network,73,0.11344146159582401,0.01025354213273677,1073
random,74,0.12378821774794929,0.0017710663683818129,1073
feature_only,74,0.11269574944071588,0.012863534675615226,1073
risk_only,74,0.11269574944071588,0.012863534675615226,1073
network_only,74,0.12369500372856078,0.0018642803877703257,1073
risk_network,74,0.11325503355704698,0.012304250559284122,1073
random,75,0.12360178970917227,0.002609992542878442,1073
feature_only,75,0.1145600298284862,0.011651752423564504,1073
risk_only,75,0.1145600298284862,0.011651752423564504,1073
network_only,75,0.12397464578672632,0.002237136465324391,1073
risk_network,75,0.11651752423564504,0.009694258016405666,1073
random,76,0.1238814317673378,0.003076062639821034,1073
feature_only,76,0.11474645786726323,0.012211036539895609,1073
risk_only,76,0.11474645786726323,0.012211036539895609,1073
network_only,76,0.1256524981357196,0.001304996271439235,1073
risk_network,76,0.11670395227442207,0.01025354213273677,1073
random,77,0.12117822520507084,0.0018642803877703257,1073
feature_only,77,0.1111111111111111,0.011931394481730057,1073
risk_only,77,0.1111111111111111,0.011931394481730057,1073
network_only,77,0.12117822520507084,0.0018642803877703257,1073
risk_network,77,0.11250932140193885,0.010533184190902309,1073
random,78,0.12201715137956749,0.002609992542878442,1073
feature_only,78,0.11139075316927666,0.013236390753169278,1073
risk_only,78,0.11139075316927666,0.013236390753169278,1073
network_only,78,0.1226696495152871,0.0019574944071588385,1073
risk_network,78,0.11306860551826994,0.011558538404175991,1073
random,79,0.116331096196868,0.0027964205816554816,1073
feature_only,79,0.10691648023862789,0.012211036539895595,1073
risk_only,79,0.10691648023862789,0.012211036539895595,1073
network_only,79,0.11754287844891871,0.0015846383296047734,1073
risk_network,79,0.10831469052945562,0.010812826249067861,1073
random,80,0.12136465324384788,0.0023303504847129036,1073
feature_only,80,0.11064504101416853,0.013049962714392252,1073
risk_only,80,0.11064504101416853,0.013049962714392252,1073
network_only,80,0.12220357941834452,0.0014914243102162605,1073
risk_network,80,0.11316181953765847,0.010533184190902309,1073
random,81,0.11791573452647278,0.0024235645041014164,1073
feature_only,81,0.10868754660700969,0.011651752423564504,1073
risk_only,81,0.10868754660700969,0.011651752423564504,1073
network_only,81,0.11903430275913497,0.001304996271439221,1073
risk_network,81,0.1104586129753915,0.009880686055182691,1073
random,82,0.12099179716629381,0.002609992542878456,1073
feature_only,82,0.10971290082028337,0.013888888888888895,1073
risk_only,82,0.10971290082028337,0.013888888888888895,1073
network_only,82,0.1215510812826249,0.002050708426547365,1073
risk_network,82,0.11232289336316181,0.011278896346010453,1073
random,83,0.12509321401938853,0.002703206562266941,1073
feature_only,83,0.11772930648769575,0.010067114093959717,1073
risk_only,83,0.11772930648769575,0.010067114093959717,1073
network_only,83,0.12518642803877703,0.002609992542878442,1073
risk_network,83,0.11819537658463833,0.009601043997017139,1073
random,84,0.11940715883668904,0.0027964205816554816,1073
feature_only,84,0.11036539895600299,0.01183818046234153,1073
risk_only,84,0.11036539895600299,0.01183818046234153,1073
network_only,84,0.11940715883668904,0.0027964205816554816,1073
risk_network,84,0.11241610738255034,0.009787472035794179,1073
random,85,0.11884787472035795,0.002982848620432507,1073
feature_only,85,0.10878076062639822,0.013049962714392238,1073
risk_only,85,0.10878076062639822,0.013049962714392238,1073
network_only,85,0.11968680089485459,0.002143922445935864,1073
risk_network,85,0.11036539895600299,0.011465324384787465,1073
random,86,0.12248322147651007,0.0020507084265473513,1073
feature_only,86,0.11204325130499627,0.012490678598061147,1073
risk_only,86,0.11204325130499627,0.012490678598061147,1073
network_only,86,0.12276286353467561,0.0017710663683818129,1073
risk_network,86,0.11306860551826994,0.011465324384787479,1073
random,87,0.11903430275913497,0.002982848620432521,1073
feature_only,87,0.11092468307233408,0.011092468307233413,1073
risk_only,87,0.11092468307233408,0.011092468307233413,1073
network_only,87,0.12015287099179717,0.0018642803877703257,1073
risk_network,87,0.11167039522744221,0.010346756152125283,1073
random,88,0.12127143922445936,0.0020507084265473513,1073
feature_only,88,0.11185682326621924,0.011465324384787479,1073
risk_only,88,0.11185682326621924,0.011465324384787479,1073
network_only,88,0.12136465324384788,0.0019574944071588385,1073
risk_network,88,0.11185682326621924,0.011465324384787479,1073
random,89,0.12416107382550336,0.0027964205816554816,1073
feature_only,89,0.11418717375093214,0.0127703206562267,1073
risk_only,89,0.11418717375093214,0.0127703206562267,1073
network_only,89,0.1255592841163311,0.0013982102908277338,1073
risk_network,89,0.11605145413870246,0.010906040268456374,1073
random,90,0.12574571215510813,0.002516778523489943,1073
feature_only,90,0.11400074571215511,0.01426174496644296,1073
risk_only,90,0.11400074571215511,0.01426174496644296,1073
network_only,90,0.1266778523489933,0.0015846383296047872,1073
risk_network,90,0.11558538404175989,0.012677106636838187,1073
random,91,0.11950037285607755,0.002982848620432521,1073
feature_only,91,0.11017897091722595,0.012304250559284122,1073
risk_only,91,0.11017897091722595,0.012304250559284122,1073
network_only,91,0.12099179716629381,0.0014914243102162605,1073
risk_network,91,0.11195003728560776,0.010533184190902309,1073
random,92,0.1215510812826249,0.002143922445935878,1073
feature_only,92,0.11101789709172259,0.012677106636838187,1073
risk_only,92,0.11101789709172259,0.012677106636838187,1073
network_only,92,0.12173750932140194,0.0019574944071588385,1073
risk_network,92,0.11325503355704698,0.010439970171513796,1073
random,93,0.11707680835197613,0.0031692766592095467,1073
feature_only,93,0.10775540641312453,0.012490678598061147,1073
risk_only,93,0.10775540641312453,0.012490678598061147,1073
network_only,93,0.11884787472035795,0.0013982102908277338,1073
risk_network,93,0.1081282624906786,0.012117822520507082,1073
random,94,0.12360178970917227,0.0028896346010439944,1073
feature_only,94,0.11446681580909769,0.01202460850111857,1073
risk_only,94,0.11446681580909769,0.01202460850111857,1073
network_only,94,0.12490678598061149,0.0015846383296047734,1073
risk_network,94,0.1156785980611484,0.010812826249067861,1073
random,95,0.12378821774794929,0.002516778523489943,1073
feature_only,95,0.11446681580909769,0.011838180462341544,1073
risk_only,95,0.11446681580909769,0.011838180462341544,1073
network_only,95,0.12518642803877703,0.0011185682326622093,1073
risk_network,95,0.11670395227442207,0.009601043997017167,1073
random,96,0.11726323639075317,0.002237136465324377,1073
feature_only,96,0.10803504847129008,0.011465324384787465,1073
risk_only,96,0.10803504847129008,0.011465324384787465,1073
network_only,96,0.11810216256524982,0.0013982102908277338,1073
risk_network,96,0.10952647278150635,0.009973900074571204,1073
random,97,0.12360178970917227,0.002237136465324391,1073
feature_only,97,0.11465324384787472,0.01118568232662194,1073
risk_only,97,0.11465324384787472,0.01118568232662194,1073
network_only,97,0.12425428784489187,0.0015846383296047872,1073
risk_network,97,0.11549217002237136,0.010346756152125297,1073
random,98,0.12425428784489187,0.002237136465324391,1073
feature_only,98,0.11344146159582401,0.013049962714392252,1073
risk_only,98,0.11344146159582401,0.013049962714392252,1073
network_only,98,0.12462714392244593,0.0018642803877703257,1073
risk_network,98,0.11502609992542878,0.011465324384787479,1073
random,99,0.1197800149142431,0.0027032065622669688,1073
feature_only,99,0.10961968680089486,0.012863534675615212,1073
risk_only,99,0.10961968680089486,0.012863534675615212,1073
network_only,99,0.12043251304996272,0.0020507084265473513,1073
risk_network,99,0.1111111111111111,0.011372110365398966,1073
