policy,budget_fraction,intervention_effect,mean_readmission_rate,sd_readmission_rate,mean_absolute_reduction,mean_relative_reduction,mean_prevented,sd_prevented,mean_efficiency,n_replications,ci95_low,ci95_high
network_only,0.05,0.1,0.12264354958985832,0.0024924447702116617,0.00034582401193139365,0.002811244022384047,3.71,1.7769284587384908,0.006921641791044776,100,-0.00014269516303009206,0.0008343431868928794
network_only,0.05,0.2,0.1222613721103654,0.0024950386108947534,0.000728001491424309,0.0059193516850481066,7.81,2.5294028520342087,0.014570895522388059,100,0.00023897392368893737,0.0012170290591596807
network_only,0.05,0.3,0.12193419090231171,0.0025195805331375437,0.001055182699478001,0.008583815438117587,11.32,3.0645579047417515,0.021119402985074625,100,0.0005613449149830423,0.0015490204839729595
network_only,0.05,0.5,0.12119780014914243,0.0025582418748677257,0.0017915734526472776,0.014578426960144606,19.22,3.7888192771827374,0.03585820895522388,100,0.0012901580451732033,0.002292988860121352
network_only,0.1,0.1,0.12209545115585384,0.0025331924606142773,0.0008939224459358673,0.007274976341347222,9.59,2.885333865456737,0.008937558247903076,100,0.0003974167236554689,0.0013904281682162658
network_only,0.1,0.2,0.12114280387770321,0.0025971754172070217,0.0018465697240865014,0.01503077401325218,19.81,4.629058415939663,0.01846225535880708,100,0.0013375233423139252,0.0023556161058590776
network_only,0.1,0.3,0.12028989560029828,0.002611991070477721,0.002699478001491423,0.021968136252197783,28.96,5.604687792600516,0.026989748369058715,100,0.0021875277516777893,0.0032114282513050563
network_only,0.1,0.5,0.11847129008202835,0.0026152304075286415,0.00451808351976137,0.03675860266312817,48.47,6.3204893686000165,0.04517241379310345,100,0.004005498359885756,0.005030668679636984
network_only,0.2,0.1,0.12102721849366144,0.0025798834523592055,0.0019621551081282613,0.01596899168851297,21.05,4.269636750333449,0.009808946877912396,100,0.001456497951465857,0.0024678122647906657
network_only,0.2,0.2,0.1190454884414616,0.002623284401325065,0.003943885160328111,0.03208972439726918,42.31,6.335238947762943,0.019715750232991613,100,0.0034297214176683987,0.004458048902987824
network_only,0.2,0.3,0.1171355331841909,0.002642663655237171,0.005853840417598807,0.047623124088876596,62.8,7.739443771938003,0.029263746505125816,100,0.005335878341172322,0.006371802494025292
network_only,0.2,0.5,0.11324664429530201,0.002569804726509221,0.009742729306487695,0.07923936829827,104.52,8.523858376120621,0.04870456663560112,100,0.009239047580091888,0.010246411032883502
network_only,0.3,0.1,0.1199552572706935,0.002548135069821434,0.003034116331096197,0.024681051186783966,32.55,5.099762323635853,0.010114978247358608,100,0.0025346818574111954,0.003533550804781198
network_only,0.3,0.2,0.11678318419090232,0.0026533599469918336,0.006206189410887396,0.050488719080238526,66.58,8.231719876259891,0.02068986948415165,100,0.005686130861276997,0.006726247960497795
network_only,0.3,0.3,0.11379753914988815,0.0026488577690454516,0.009191834451901566,0.07476475282936118,98.61,9.916718869228527,0.030643256681168428,100,0.008672658329168657,0.009711010574634475
network_only,0.3,0.5,0.10774142431021624,0.002559307921504214,0.015247949291573453,0.12399497011302613,163.58,12.317500074317355,0.05083281541330018,100,0.014746324938958628,0.01574957364418828
random,0.05,0.1,0.12234060402684564,0.002475533627598503,0.0006487695749440703,0.005271512745825733,6.96,2.6011652400531196,0.012985074626865671,100,0.0001635649839347638,0.0011339741659533767
random,0.05,0.2,0.1216769202087994,0.0024933353212944417,0.0013124533929903051,0.010670433304548907,14.08,3.904620417666819,0.026268656716417912,100,0.0008237596700165945,0.0018011471159640156
random,0.05,0.3,0.12106636838180462,0.002458476531980951,0.0019230052199850855,0.01562937725921876,20.63,4.655083026090724,0.038488805970149254,100,0.0014411438197168191,0.002404866620253352
random,0.05,0.5,0.11983314690529456,0.002411084097124515,0.0031562266964951526,0.025648379649119667,33.86,6.170997660120452,0.06317164179104479,100,0.002683654213458748,0.0036287991795315574
random,0.1,0.1,0.121720730797912,0.002481586108821589,0.001268642803877702,0.010312800043270303,13.61,3.6401104434349287,0.012684063373718546,100,0.0007822519265486706,0.0017550336812067334
random,0.1,0.2,0.12048191648023863,0.0025105969417521115,0.002507457121551081,0.02039032044933783,26.9,5.157127068044725,0.025069897483690585,100,0.002015380120967667,0.002999534122134495
random,0.1,0.3,0.11928038777032066,0.0024796451174440015,0.0037089858314690517,0.03015454600049781,39.79,6.434275327486305,0.0370829450139795,100,0.0032229753884500277,0.004194996274488076
random,0.1,0.5,0.11684190902311707,0.0024306693543027524,0.006147464578672632,0.04997460021120483,65.95,8.138169203192943,0.0614631873252563,100,0.005671053385229292,0.006623875772115971
random,0.2,0.1,0.12046700223713647,0.0024766749654320163,0.0025223713646532423,0.020506213729680933,27.06,5.149914189733277,0.012609506057781921,100,0.0020369430714285673,0.0030077996578779173
random,0.2,0.2,0.11798750932140195,0.002523303590063664,0.0050018642803877685,0.04067554573199631,53.66,7.025523453663775,0.02500465983224604,100,0.004507296776735291,0.005496431784040246
random,0.2,0.3,0.11556767337807607,0.0024832942763639916,0.0074217002237136455,0.06034552461544596,79.62,8.569124750515599,0.03710158434296365,100,0.0069349745455463034,0.007908425901880988
random,0.2,0.5,0.11068978374347502,0.002454563617165937,0.01229958985831469,0.10000658924400842,131.95,10.72274557784865,0.06148648648648648,100,0.011818495389350167,0.012780684327279213
random,0.3,0.1,0.11929250559284116,0.0025235470541230425,0.0036968680089485445,0.030061465539372893,39.66,6.840491446696152,0.012324425108763207,100,0.003202252786340428,0.00419148323155666
random,0.3,0.2,0.11557979120059658,0.002612372920907725,0.007409582401193139,0.060263941087741385,79.49,9.40179974174298,0.024701678060907395,100,0.006897557308695225,0.007921607493691054
random,0.3,0.3,0.11190063385533185,0.00243470917145264,0.011088739746457865,0.09015098158577581,118.96,11.231197530975848,0.03696706028589186,100,0.010611536748853147,0.011565942744062582
random,0.3,0.5,0.10454325130499628,0.0023771068463038273,0.018446122296793436,0.14996938268640825,197.89,13.79788814173087,0.0614947172156619,100,0.017980209354917887,0.018912035238668985
risk_network,0.05,0.1,0.11970824011931396,0.002582130308595405,0.003281133482475763,0.026694441773914276,35.2,5.4679968817648295,0.06567164179104477,100,0.0027750359419910636,0.003787231022960463
risk_network,0.05,0.2,0.11632177479492915,0.0027119262401044102,0.006667598806860551,0.05425403936223006,71.53,7.642854985097671,0.13345149253731342,100,0.006136061263800087,0.007199136349921015
risk_network,0.05,0.3,0.113027591349739,0.002715768894917247,0.009961782252050707,0.08103975223418491,106.87,9.717894563508846,0.19938432835820893,100,0.009429491548646926,0.010494072955454488
risk_network,0.05,0.5,0.10641685309470544,0.0026191740480115506,0.016572520507084264,0.13479770403577163,177.79,9.26849229890976,0.3316977611940298,100,0.016059162393674,0.017085878620494526
risk_network,0.1,0.1,0.11752423564504101,0.0025702454314538905,0.005465137956748693,0.04445288526994694,58.63,6.845561859461732,0.05464119291705499,100,0.004961369852183731,0.005968906061313656
risk_network,0.1,0.2,0.11195283370618941,0.002751092513678668,0.011036539895600297,0.08979126172718814,118.4,9.181668165591168,0.11034482758620691,100,0.010497325762919278,0.011575754028281315
risk_network,0.1,0.3,0.10650447427293065,0.0027001099923271827,0.01648489932885906,0.1340871111802867,176.85,11.359484089864239,0.16481826654240447,100,0.01595567777036293,0.017014120887355186
risk_network,0.1,0.5,0.09557513049962715,0.002478070794115394,0.027414243102162564,0.22295461404057318,294.1,10.548110080134082,0.27409133271202235,100,0.02692854122651595,0.02789994497780918
risk_network,0.2,0.1,0.1147231543624161,0.002507445920862852,0.0082662192393736,0.06722043518487938,88.68,8.297352626353815,0.04132339235787511,100,0.007774759838884482,0.00875767863986272
risk_network,0.2,0.2,0.1063888888888889,0.002628563226602856,0.01660048471290082,0.13501997091116272,178.09,10.466005576497308,0.08298695246971109,100,0.016085286320486662,0.01711568310531498
risk_network,0.2,0.3,0.09821401938851602,0.0025139529675762182,0.024775354213273676,0.20147853531942087,265.79,13.10354643953038,0.12385368126747437,100,0.024282619431628738,0.025268088994918614
risk_network,0.2,0.5,0.081720730797912,0.002327976555057481,0.0412686428038777,0.33559665667023714,442.73,14.444498445897507,0.20630475302889095,100,0.04081235939908644,0.041724926208668967
risk_network,0.3,0.1,0.11361111111111111,0.0025368159694139445,0.009378262490678597,0.07626672460434163,100.61,9.099777997070014,0.03126476072094468,100,0.008881046560673464,0.00987547842068373
risk_network,0.3,0.2,0.1041899701715138,0.002734322037132782,0.01879940343027591,0.15291082429379999,201.68,12.58255967920709,0.06267246737103792,100,0.018263476310997888,0.019335330549553935
risk_network,0.3,0.3,0.09491051454138702,0.0025947148013307857,0.028078859060402684,0.22834433808564575,301.23,15.398317499590071,0.09360783095090118,100,0.02757029495934185,0.028587423161463517
risk_network,0.3,0.5,0.07619034302759135,0.0023966039257013157,0.046799030574198354,0.3805655580550376,502.06,17.369903147500143,0.1560161591050342,100,0.046329296204760895,0.04726876494363581
risk_only,0.05,0.1,0.11892524235645041,0.0025859072165435775,0.004064131245339298,0.033059847430187264,43.6,6.717984305676303,0.08134328358208956,100,0.0035572934308967566,0.004570969059781839
risk_only,0.05,0.2,0.11483594332587621,0.0026768908833639227,0.008153430275913498,0.06633247060685807,87.47,7.9664130807872,0.1631902985074627,100,0.0076287596627741695,0.008678100889052827
risk_only,0.05,0.3,0.11073639075316928,0.0026447991068955347,0.012252982848620433,0.09966446090203716,131.45,9.722799405666466,0.24524253731343282,100,0.011734602223668908,0.012771363473571959
risk_only,0.05,0.5,0.10257270693512303,0.0026661836553757974,0.020416666666666666,0.16606693456050348,219.03,10.636752561308606,0.40863805970149253,100,0.01989409467021301,0.02093923866312032
risk_only,0.1,0.1,0.1166769202087994,0.0025130023187035586,0.006312453392990305,0.05133375373547891,67.72,7.312753492109768,0.06311276794035414,100,0.005819904938524407,0.006805001847456203
risk_only,0.1,0.2,0.11031319910514542,0.0026291341236525565,0.012676174496644295,0.10310354036090347,135.99,9.744716258029015,0.1267381174277726,100,0.012160864208408393,0.013191484784880197
risk_only,0.1,0.3,0.10405853840417599,0.002575063156958788,0.01893083519761372,0.15395536916642452,203.09,12.182198471374512,0.1892730661696179,100,0.018426122818849797,0.019435547576377644
risk_only,0.1,0.5,0.09142897091722596,0.002504293738913193,0.031560402684563754,0.2566673089046759,338.58,13.08031136688058,0.31554520037278655,100,0.031069561111736768,0.03205124425739074
risk_only,0.2,0.1,0.11452740492170023,0.00251062910318028,0.008461968680089485,0.06881296257672626,90.78,8.315228818440914,0.04230195712954334,100,0.00796988537586615,0.00895405198431282
risk_only,0.2,0.2,0.10599552572706936,0.002667443469722251,0.016993847874720355,0.13822251405320768,182.31,11.094356559744579,0.0849534016775396,100,0.016471028954654795,0.017516666794785914
risk_only,0.2,0.3,0.09759694258016406,0.00253863511881873,0.02539243102162565,0.20650070516870084,272.41,13.249047993243623,0.1269384902143523,100,0.02489485853833718,0.02589000350491412
risk_only,0.2,0.5,0.08062546607009694,0.002337903644479661,0.042363907531692765,0.34450165277088346,454.48,15.099989965880663,0.21178005591798693,100,0.041905678417374755,0.042822136646010776
risk_only,0.3,0.1,0.11350950782997764,0.0025313602119419742,0.00947986577181208,0.07709226061551987,101.7,9.1104335791443,0.031603480422622746,100,0.008983719170271453,0.009976012373352708
risk_only,0.3,0.2,0.10402311707680836,0.0026948957585594905,0.018966256524981358,0.15426442783254143,203.47,12.106810004491212,0.06322871348663767,100,0.018438056956303697,0.01949445609365902
risk_only,0.3,0.3,0.09465697240865026,0.002579226793554357,0.02833240119313945,0.2304059353604713,303.95,15.192618489439424,0.09445307644499688,100,0.027826872741602796,0.028837929644676102
risk_only,0.3,0.5,0.07576155853840418,0.0023521437063729485,0.04722781506338554,0.38405589363813725,506.66,16.413359919236036,0.15744561839651958,100,0.04676679489693644,0.047688835229834636
