seed,replication,policy,readmission_rate,absolute_reduction,intervention_count
42,0,random,0.1256524981357196,0.002237136465324391,1073
42,0,risk_only,0.11577181208053691,0.012117822520507082,1073
42,0,network_only,0.12593214019388516,0.0019574944071588385,1073
42,0,risk_network,0.11735645041014169,0.010533184190902309,1073
42,1,random,0.12024608501118568,0.0023303504847129036,1073
42,1,risk_only,0.11064504101416853,0.011931394481730057,1073
42,1,network_only,0.12033929903057419,0.002237136465324391,1073
42,1,risk_network,0.11185682326621924,0.010719612229679348,1073
42,2,random,0.11828859060402684,0.0023303504847129036,1073
42,2,risk_only,0.10999254287844892,0.010626398210290822,1073
42,2,network_only,0.11847501864280388,0.002143922445935864,1073
42,2,risk_network,0.11148396718866517,0.009134973900074575,1073
42,3,random,0.11763609246830724,0.0025167785234899293,1073
42,3,risk_only,0.10878076062639822,0.011372110365398952,1073
42,3,network_only,0.11875466070096942,0.0013982102908277477,1073
42,3,risk_network,0.11064504101416853,0.00950782997762864,1073
42,4,random,0.11987322893363161,0.0028896346010439944,1073
42,4,risk_only,0.10943325876211782,0.01332960477255779,1073
42,4,network_only,0.12080536912751678,0.0019574944071588246,1073
42,4,risk_network,0.11195003728560776,0.010812826249067847,1073
42,5,random,0.12145786726323639,0.003076062639821034,1073
42,5,risk_only,0.11204325130499627,0.012490678598061147,1073
42,5,network_only,0.12201715137956749,0.0025167785234899293,1073
42,5,risk_network,0.11409395973154363,0.010439970171513796,1073
42,6,random,0.11651752423564504,0.0027964205816554816,1073
42,6,risk_only,0.10607755406413125,0.013236390753169278,1073
42,6,network_only,0.1174496644295302,0.0018642803877703257,1073
42,6,risk_network,0.10766219239373602,0.011651752423564504,1073
42,7,random,0.12285607755406414,0.0025167785234899154,1073
42,7,risk_only,0.11306860551826994,0.012304250559284108,1073
42,7,network_only,0.12360178970917227,0.001771066368381785,1073
42,7,risk_network,0.11446681580909769,0.01090604026845636,1073
42,8,random,0.12341536167039523,0.002237136465324377,1073
42,8,risk_only,0.11390753169276659,0.011744966442953017,1073
42,8,network_only,0.12360178970917227,0.0020507084265473374,1073
42,8,risk_network,0.11521252796420582,0.010439970171513782,1073
42,9,random,0.11875466070096942,0.002982848620432521,1073
42,9,risk_only,0.10980611483967188,0.011931394481730057,1073
42,9,network_only,0.11996644295302013,0.0017710663683818129,1073
42,9,risk_network,0.11195003728560776,0.009787472035794179,1073
42,10,random,0.12425428784489187,0.0024235645041014164,1073
42,10,risk_only,0.11288217747949292,0.013795674869500368,1073
42,10,network_only,0.12453392990305742,0.002143922445935864,1073
42,10,risk_network,0.1156785980611484,0.010999254287844887,1073
42,11,random,0.12248322147651007,0.0028896346010439805,1073
42,11,risk_only,0.11232289336316181,0.013049962714392238,1073
42,11,network_only,0.12313571961222967,0.002237136465324377,1073
42,11,risk_network,0.11428038777032065,0.0110924683072334,1073
42,12,random,0.11959358687546608,0.0020507084265473513,1073
42,12,risk_only,0.10887397464578673,0.0127703206562267,1073
42,12,network_only,0.11950037285607755,0.002143922445935878,1073
42,12,risk_network,0.11064504101416853,0.0109992542878449,1073
42,13,random,0.11819537658463833,0.002237136465324391,1073
42,13,risk_only,0.10896718866517524,0.011465324384787479,1073
42,13,network_only,0.11847501864280388,0.0019574944071588385,1073
42,13,risk_network,0.11008575689783744,0.010346756152125283,1073
42,14,random,0.12145786726323639,0.002237136465324391,1073
42,14,risk_only,0.11139075316927666,0.012304250559284122,1073
42,14,network_only,0.1215510812826249,0.002143922445935878,1073
42,14,risk_network,0.11297539149888143,0.010719612229679348,1073
42,15,random,0.1266778523489933,0.0018642803877703118,1073
42,15,risk_only,0.116331096196868,0.012211036539895595,1073
42,15,network_only,0.12714392244593586,0.0013982102908277338,1073
42,15,risk_network,0.11735645041014169,0.011185682326621912,1073
42,16,random,0.12490678598061149,0.0024235645041014026,1073
42,16,risk_only,0.11549217002237136,0.01183818046234153,1073
42,16,network_only,0.1255592841163311,0.001771066368381785,1073
42,16,risk_network,0.11670395227442207,0.010626398210290822,1073
42,17,random,0.11810216256524982,0.0027032065622669688,1073
42,17,risk_only,0.10738255033557047,0.013422818791946317,1073
42,17,network_only,0.11940715883668904,0.0013982102908277477,1073
42,17,risk_network,0.1092468307233408,0.011558538404175991,1073
42,18,random,0.11819537658463833,0.0027964205816554816,1073
42,18,risk_only,0.10980611483967188,0.011185682326621926,1073
42,18,network_only,0.1186614466815809,0.0023303504847129036,1073
42,18,risk_network,0.11064504101416853,0.010346756152125283,1073
42,19,random,0.11782252050708426,0.0020507084265473513,1073
42,19,risk_only,0.10775540641312453,0.012117822520507082,1073
42,19,network_only,0.11782252050708426,0.0020507084265473513,1073
42,19,risk_network,0.1092468307233408,0.010626398210290822,1073
42,20,random,0.11810216256524982,0.0028896346010439944,1073
42,20,risk_only,0.10896718866517524,0.01202460850111857,1073
42,20,network_only,0.11950037285607755,0.0014914243102162605,1073
42,20,risk_network,0.11027218493661446,0.010719612229679348,1073
42,21,random,0.11483967188665176,0.0028896346010439944,1073
42,21,risk_only,0.10570469798657718,0.01202460850111857,1073
42,21,network_only,0.11558538404175989,0.002143922445935864,1073
42,21,risk_network,0.10691648023862789,0.010812826249067861,1073
42,22,random,0.12173750932140194,0.0031692766592095467,1073
42,22,risk_only,0.11101789709172259,0.013888888888888895,1073
42,22,network_only,0.12304250559284116,0.0018642803877703257,1073
42,22,risk_network,0.11353467561521252,0.011372110365398966,1073
42,23,random,0.12332214765100671,0.0017710663683818129,1073
42,23,risk_only,0.1122296793437733,0.012863534675615226,1073
42,23,network_only,0.12285607755406414,0.002237136465324391,1073
42,23,risk_network,0.11390753169276659,0.01118568232662194,1073
42,24,random,0.12145786726323639,0.0024235645041014164,1073
42,24,risk_only,0.11185682326621924,0.01202460850111857,1073
42,24,network_only,0.12201715137956749,0.0018642803877703118,1073
42,24,risk_network,0.11381431767337807,0.010067114093959731,1073
42,25,random,0.1186614466815809,0.0024235645041014164,1073
42,25,risk_only,0.10868754660700969,0.012397464578672635,1073
42,25,network_only,0.11940715883668904,0.0016778523489932862,1073
42,25,risk_network,0.11017897091722595,0.010906040268456374,1073
42,26,random,0.12080536912751678,0.002703206562266955,1073
42,26,risk_only,0.11073825503355705,0.012770320656226686,1073
42,26,network_only,0.12136465324384788,0.002143922445935864,1073
42,26,risk_network,0.11297539149888143,0.010533184190902309,1073
42,27,random,0.12015287099179717,0.0020507084265473513,1073
42,27,risk_only,0.11101789709172259,0.011185682326621926,1073
42,27,network_only,0.12071215510812826,0.0014914243102162605,1073
42,27,risk_network,0.11241610738255034,0.009787472035794179,1073
42,28,random,0.12061894108873975,0.0024235645041014164,1073
42,28,risk_only,0.1122296793437733,0.010812826249067861,1073
42,28,network_only,0.12173750932140194,0.001304996271439221,1073
42,28,risk_network,0.11381431767337807,0.009228187919463088,1073
42,29,random,0.11847501864280388,0.0027964205816554816,1073
42,29,risk_only,0.10803504847129008,0.013236390753169278,1073
42,29,network_only,0.11912751677852348,0.002143922445935878,1073
42,29,risk_network,0.10999254287844892,0.011278896346010439,1073
123,0,random,0.12360178970917227,0.0032624906785980456,1073
123,0,risk_only,0.11316181953765847,0.013702460850111842,1073
123,0,network_only,0.12574571215510813,0.0011185682326621815,1073
123,0,risk_network,0.11651752423564504,0.01034675615212527,1073
123,1,random,0.1185682326621924,0.002143922445935864,1073
123,1,risk_only,0.10999254287844892,0.010719612229679334,1073
123,1,network_only,0.11931394481730052,0.0013982102908277338,1073
123,1,risk_network,0.11176360924683072,0.008948545861297535,1073
123,2,random,0.12583892617449666,0.0018642803877703118,1073
123,2,risk_only,0.1145600298284862,0.013143176733780765,1073
123,2,network_only,0.1255592841163311,0.002143922445935864,1073
123,2,risk_network,0.11689038031319911,0.010812826249067861,1073
123,3,random,0.12248322147651007,0.0024235645041014164,1073
123,3,risk_only,0.11232289336316181,0.012583892617449674,1073
123,3,network_only,0.12239000745712156,0.0025167785234899293,1073
123,3,risk_network,0.11362788963460105,0.011278896346010439,1073
123,4,random,0.12416107382550336,0.0028896346010440083,1073
123,4,risk_only,0.11446681580909769,0.012583892617449674,1073
123,4,network_only,0.125,0.002050708426547365,1073
123,4,risk_network,0.11651752423564504,0.010533184190902323,1073
123,5,random,0.1186614466815809,0.002237136465324391,1073
123,5,risk_only,0.10840790454884415,0.012490678598061147,1073
123,5,network_only,0.12005965697240865,0.0008389261744966431,1073
123,5,risk_network,0.11036539895600299,0.010533184190902309,1073
123,6,random,0.11707680835197613,0.0023303504847129036,1073
123,6,risk_only,0.10803504847129008,0.011372110365398952,1073
123,6,network_only,0.11838180462341537,0.0010253542132736687,1073
123,6,risk_network,0.11073825503355705,0.008668903803131983,1073
123,7,random,0.12369500372856078,0.0027964205816554816,1073
123,7,risk_only,0.1145600298284862,0.011931394481730057,1073
123,7,network_only,0.12416107382550336,0.0023303504847129036,1073
123,7,risk_network,0.11605145413870246,0.010439970171513796,1073
123,8,random,0.12397464578672632,0.002982848620432521,1073
123,8,risk_only,0.11539895600298285,0.011558538404175991,1073
123,8,network_only,0.12481357196122297,0.002143922445935864,1073
123,8,risk_network,0.11642431021625653,0.010533184190902309,1073
123,9,random,0.12406785980611484,0.0023303504847128897,1073
123,9,risk_only,0.1133482475764355,0.013049962714392238,1073
123,9,network_only,0.125,0.0013982102908277338,1073
123,9,risk_network,0.11474645786726323,0.011651752423564504,1073
123,10,random,0.12080536912751678,0.002237136465324377,1073
123,10,risk_only,0.11139075316927666,0.011651752423564504,1073
123,10,network_only,0.12117822520507084,0.0018642803877703257,1073
123,10,risk_network,0.11250932140193885,0.010533184190902309,1073
123,11,random,0.11968680089485459,0.0027032065622669688,1073
123,11,risk_only,0.11092468307233408,0.011465324384787479,1073
123,11,network_only,0.12052572706935123,0.0018642803877703257,1073
123,11,risk_network,0.11288217747949292,0.00950782997762864,1073
123,12,random,0.12574571215510813,0.0024235645041014164,1073
123,12,risk_only,0.11614466815809098,0.01202460850111857,1073
123,12,network_only,0.12602535421327368,0.002143922445935864,1073
123,12,risk_network,0.11828859060402684,0.009880686055182705,1073
123,13,random,0.11530574198359433,0.0023303504847129036,1073
123,13,risk_only,0.1063571961222968,0.011278896346010439,1073
123,13,network_only,0.11595824011931395,0.0016778523489932862,1073
123,13,risk_network,0.10691648023862789,0.010719612229679348,1073
123,14,random,0.12220357941834452,0.0024235645041014164,1073
123,14,risk_only,0.1115771812080537,0.013049962714392238,1073
123,14,network_only,0.122110365398956,0.0025167785234899293,1073
123,14,risk_network,0.11250932140193885,0.012117822520507082,1073
123,15,random,0.12239000745712156,0.0018642803877703118,1073
123,15,risk_only,0.10999254287844892,0.014261744966442946,1073
123,15,network_only,0.12201715137956749,0.002237136465324377,1073
123,15,risk_network,0.1122296793437733,0.01202460850111857,1073
123,16,random,0.12145786726323639,0.0019574944071588385,1073
123,16,risk_only,0.11008575689783744,0.01332960477255779,1073
123,16,network_only,0.12201715137956749,0.0013982102908277338,1073
123,16,risk_network,0.11269574944071588,0.010719612229679348,1073
123,17,random,0.122110365398956,0.0028896346010439944,1073
123,17,risk_only,0.11213646532438479,0.012863534675615212,1073
123,17,network_only,0.1238814317673378,0.0011185682326621954,1073
123,17,risk_network,0.11381431767337807,0.011185682326621926,1073
123,18,random,0.1180089485458613,0.002982848620432507,1073
123,18,risk_only,0.10896718866517524,0.01202460850111857,1073
123,18,network_only,0.11940715883668904,0.0015846383296047734,1073
123,18,risk_network,0.11101789709172259,0.009973900074571218,1073
123,19,random,0.11959358687546608,0.001304996271439221,1073
123,19,risk_only,0.10766219239373602,0.013236390753169278,1073
123,19,network_only,0.1197800149142431,0.0011185682326621954,1073
123,19,risk_network,0.10961968680089486,0.011278896346010439,1073
123,20,random,0.1208985831469053,0.0023303504847129036,1073
123,20,risk_only,0.1111111111111111,0.012117822520507096,1073
123,20,network_only,0.12108501118568232,0.002143922445935878,1073
123,20,risk_network,0.11232289336316181,0.010906040268456388,1073
123,21,random,0.11922073079791201,0.002703206562266955,1073
123,21,risk_only,0.11055182699478001,0.011372110365398952,1073
123,21,network_only,0.12052572706935123,0.0013982102908277338,1073
123,21,risk_network,0.11204325130499627,0.009880686055182691,1073
123,22,random,0.11922073079791201,0.0023303504847128897,1073
123,22,risk_only,0.10915361670395228,0.01239746457867262,1073
123,22,network_only,0.12071215510812826,0.0008389261744966431,1073
123,22,risk_network,0.11101789709172259,0.010533184190902309,1073
123,23,random,0.11903430275913497,0.002982848620432521,1073
123,23,risk_only,0.10943325876211782,0.012583892617449674,1073
123,23,network_only,0.12061894108873975,0.0013982102908277477,1073
123,23,risk_network,0.11083146905294557,0.011185682326621926,1073
123,24,random,0.12117822520507084,0.002143922445935878,1073
123,24,risk_only,0.1104586129753915,0.012863534675615212,1073
123,24,network_only,0.12136465324384788,0.0019574944071588385,1073
123,24,risk_network,0.11213646532438479,0.011185682326621926,1073
123,25,random,0.12341536167039523,0.0023303504847129036,1073
123,25,risk_only,0.11353467561521252,0.012211036539895609,1073
123,25,network_only,0.12369500372856078,0.0020507084265473513,1073
123,25,risk_network,0.1151193139448173,0.010626398210290836,1073
123,26,random,0.12472035794183445,0.002982848620432521,1073
123,26,risk_only,0.11521252796420582,0.012490678598061147,1073
123,26,network_only,0.12593214019388516,0.0017710663683818129,1073
123,26,risk_network,0.1167971662938106,0.010906040268456374,1073
123,27,random,0.12239000745712156,0.002609992542878442,1073
123,27,risk_only,0.11306860551826994,0.011931394481730057,1073
123,27,network_only,0.1232289336316182,0.001771066368381799,1073
123,27,risk_network,0.1145600298284862,0.010439970171513796,1073
123,28,random,0.12024608501118568,0.0014914243102162605,1073
123,28,risk_only,0.11064504101416853,0.011092468307233413,1073
123,28,network_only,0.12024608501118568,0.0014914243102162605,1073
123,28,risk_network,0.11232289336316181,0.009414615958240127,1073
123,29,random,0.12024608501118568,0.0024235645041014164,1073
123,29,risk_only,0.10906040268456375,0.013609246830723343,1073
123,29,network_only,0.12061894108873975,0.0020507084265473513,1073
123,29,risk_network,0.11083146905294557,0.01183818046234153,1073
2026,0,random,0.11726323639075317,0.0020507084265473513,1073
2026,0,risk_only,0.10673005219985086,0.01258389261744966,1073
2026,0,network_only,0.1180089485458613,0.001304996271439221,1073
2026,0,risk_network,0.10850111856823266,0.010812826249067861,1073
2026,1,random,0.12061894108873975,0.0025167785234899293,1073
2026,1,risk_only,0.11083146905294557,0.012304250559284108,1073
2026,1,network_only,0.12145786726323639,0.0016778523489932862,1073
2026,1,risk_network,0.11288217747949292,0.010253542132736757,1073
2026,2,random,0.12472035794183445,0.002982848620432521,1073
2026,2,risk_only,0.11428038777032065,0.013422818791946317,1073
2026,2,network_only,0.12639821029082773,0.001304996271439235,1073
2026,2,risk_network,0.11642431021625653,0.011278896346010439,1073
2026,3,random,0.12649142431021626,0.0018642803877703118,1073
2026,3,risk_only,0.11502609992542878,0.01332960477255779,1073
2026,3,network_only,0.12639821029082773,0.0019574944071588385,1073
2026,3,risk_network,0.11642431021625653,0.011931394481730043,1073
2026,4,random,0.12061894108873975,0.002237136465324391,1073
2026,4,risk_only,0.11092468307233408,0.011931394481730057,1073
2026,4,network_only,0.12043251304996272,0.0024235645041014164,1073
2026,4,risk_network,0.1122296793437733,0.010626398210290836,1073
2026,5,random,0.11912751677852348,0.0023303504847129036,1073
2026,5,risk_only,0.10952647278150635,0.011931394481730043,1073
2026,5,network_only,0.1197800149142431,0.0016778523489932862,1073
2026,5,risk_network,0.11213646532438479,0.0093214019388516,1073
2026,6,random,0.12546607009694258,0.0023303504847128897,1073
2026,6,risk_only,0.116331096196868,0.011465324384787465,1073
2026,6,network_only,0.12630499627143923,0.0014914243102162328,1073
2026,6,risk_network,0.1174496644295302,0.01034675615212527,1073
2026,7,random,0.11912751677852348,0.0027964205816554816,1073
2026,7,risk_only,0.10896718866517524,0.012956748695003725,1073
2026,7,network_only,0.12024608501118568,0.0016778523489932862,1073
2026,7,risk_network,0.11064504101416853,0.011278896346010439,1073
2026,8,random,0.12033929903057419,0.0016778523489933,1073
2026,8,risk_only,0.11083146905294557,0.011185682326621926,1073
2026,8,network_only,0.1208985831469053,0.0011185682326621954,1073
2026,8,risk_network,0.1127889634601044,0.009228187919463088,1073
2026,9,random,0.12378821774794929,0.0017710663683818129,1073
2026,9,risk_only,0.11306860551826994,0.012490678598061161,1073
2026,9,network_only,0.12369500372856078,0.0018642803877703257,1073
2026,9,risk_network,0.1145600298284862,0.0109992542878449,1073
2026,10,random,0.12257643549589858,0.002237136465324391,1073
2026,10,risk_only,0.11269574944071588,0.012117822520507096,1073
2026,10,network_only,0.12304250559284116,0.0017710663683818129,1073
2026,10,risk_network,0.11474645786726323,0.010067114093959745,1073
2026,11,random,0.12164429530201343,0.002143922445935864,1073
2026,11,risk_only,0.11073825503355705,0.013049962714392238,1073
2026,11,network_only,0.12239000745712156,0.0013982102908277338,1073
2026,11,risk_network,0.1127889634601044,0.010999254287844887,1073
2026,12,random,0.12462714392244593,0.0020507084265473513,1073
2026,12,risk_only,0.11428038777032065,0.012397464578672635,1073
2026,12,network_only,0.12425428784489187,0.0024235645041014164,1073
2026,12,risk_network,0.11614466815809098,0.010533184190902309,1073
2026,13,random,0.12005965697240865,0.002703206562266955,1073
2026,13,risk_only,0.11260253542132737,0.010160328113348244,1073
2026,13,network_only,0.12099179716629381,0.001771066368381799,1073
2026,13,risk_network,0.11372110365398956,0.009041759880686048,1073
2026,14,random,0.12183072334079045,0.0020507084265473513,1073
2026,14,risk_only,0.10961968680089486,0.014261744966442946,1073
2026,14,network_only,0.12173750932140194,0.002143922445935864,1073
2026,14,risk_network,0.11250932140193885,0.011372110365398952,1073
2026,15,random,0.12304250559284116,0.0027032065622669688,1073
2026,15,risk_only,0.11241610738255034,0.01332960477255779,1073
2026,15,network_only,0.1238814317673378,0.0018642803877703257,1073
2026,15,risk_network,0.11372110365398956,0.01202460850111857,1073
2026,16,random,0.12406785980611484,0.0031692766592095467,1073
2026,16,risk_only,0.11605145413870246,0.011185682326621926,1073
2026,16,network_only,0.12472035794183445,0.002516778523489943,1073
2026,16,risk_network,0.11642431021625653,0.010812826249067861,1073
2026,17,random,0.12341536167039523,0.0028896346010440083,1073
2026,17,risk_only,0.11381431767337807,0.012490678598061161,1073
2026,17,network_only,0.12444071588366891,0.0018642803877703257,1073
2026,17,risk_network,0.11474645786726323,0.011558538404176005,1073
2026,18,random,0.1215510812826249,0.0027964205816554816,1073
2026,18,risk_only,0.11120432513049963,0.013143176733780751,1073
2026,18,network_only,0.1232289336316182,0.0011185682326621815,1073
2026,18,risk_network,0.1122296793437733,0.012117822520507082,1073
2026,19,random,0.11707680835197613,0.002143922445935878,1073
2026,19,risk_only,0.10766219239373602,0.011558538404175991,1073
2026,19,network_only,0.1180089485458613,0.0012117822520507082,1073
2026,19,risk_network,0.10999254287844892,0.009228187919463088,1073
2026,20,random,0.11735645041014169,0.002143922445935864,1073
2026,20,risk_only,0.10831469052945562,0.011185682326621926,1073
2026,20,network_only,0.11782252050708426,0.0016778523489932862,1073
2026,20,risk_network,0.1098993288590604,0.009601043997017153,1073
2026,21,random,0.11968680089485459,0.0024235645041014164,1073
2026,21,risk_only,0.10738255033557047,0.014727815063385538,1073
2026,21,network_only,0.12024608501118568,0.0018642803877703257,1073
2026,21,risk_network,0.10952647278150635,0.01258389261744966,1073
2026,22,random,0.12332214765100671,0.0017710663683818129,1073
2026,22,risk_only,0.11316181953765847,0.011931394481730057,1073
2026,22,network_only,0.12332214765100671,0.0017710663683818129,1073
2026,22,risk_network,0.11465324384787472,0.01043997017151381,1073
2026,23,random,0.12080536912751678,0.0028896346010439944,1073
2026,23,risk_only,0.11083146905294557,0.012863534675615212,1073
2026,23,network_only,0.12239000745712156,0.001304996271439221,1073
2026,23,risk_network,0.11353467561521252,0.010160328113348258,1073
2026,24,random,0.12127143922445936,0.002609992542878442,1073
2026,24,risk_only,0.11101789709172259,0.012863534675615212,1073
2026,24,network_only,0.12229679343773303,0.0015846383296047734,1073
2026,24,risk_network,0.11306860551826994,0.010812826249067861,1073
2026,25,random,0.12164429530201343,0.0028896346010439944,1073
2026,25,risk_only,0.11241610738255034,0.012117822520507082,1073
2026,25,network_only,0.12313571961222967,0.0013982102908277477,1073
2026,25,risk_network,0.11428038777032065,0.01025354213273677,1073
2026,26,random,0.1215510812826249,0.0015846383296047734,1073
2026,26,risk_only,0.11269574944071588,0.010439970171513796,1073
2026,26,network_only,0.12145786726323639,0.0016778523489932862,1073
2026,26,risk_network,0.11474645786726323,0.008389261744966445,1073
2026,27,random,0.12360178970917227,0.002237136465324391,1073
2026,27,risk_only,0.11316181953765847,0.012677106636838187,1073
2026,27,network_only,0.12369500372856078,0.002143922445935878,1073
2026,27,risk_network,0.11446681580909769,0.011372110365398966,1073
2026,28,random,0.1208985831469053,0.002609992542878442,1073
2026,28,risk_only,0.11073825503355705,0.012770320656226686,1073
2026,28,network_only,0.12145786726323639,0.0020507084265473513,1073
2026,28,risk_network,0.11306860551826994,0.010439970171513796,1073
2026,29,random,0.12453392990305742,0.0017710663683818129,1073
2026,29,risk_only,0.11288217747949292,0.013422818791946317,1073
2026,29,network_only,0.12527964205816555,0.0010253542132736826,1073
2026,29,risk_network,0.11502609992542878,0.011278896346010453,1073
777,0,random,0.12052572706935123,0.002609992542878442,1073
777,0,risk_only,0.10999254287844892,0.013143176733780751,1073
777,0,network_only,0.12145786726323639,0.0016778523489932862,1073
777,0,risk_network,0.11176360924683072,0.011372110365398952,1073
777,1,random,0.12444071588366891,0.0020507084265473513,1073
777,1,risk_only,0.11390753169276659,0.012583892617449674,1073
777,1,network_only,0.12453392990305742,0.0019574944071588385,1073
777,1,risk_network,0.11539895600298285,0.011092468307233413,1073
777,2,random,0.12136465324384788,0.0028896346010439944,1073
777,2,risk_only,0.11316181953765847,0.0110924683072334,1073
777,2,network_only,0.12201715137956749,0.002237136465324377,1073
777,2,risk_network,0.11390753169276659,0.010346756152125283,1073
777,3,random,0.12108501118568232,0.0027964205816554816,1073
777,3,risk_only,0.11176360924683072,0.012117822520507082,1073
777,3,network_only,0.12257643549589858,0.001304996271439221,1073
777,3,risk_network,0.11241610738255034,0.011465324384787465,1073
777,4,random,0.11987322893363161,0.002516778523489943,1073
777,4,risk_only,0.10980611483967188,0.012583892617449674,1073
777,4,network_only,0.12033929903057419,0.002050708426547365,1073
777,4,risk_network,0.1111111111111111,0.011278896346010453,1073
777,5,random,0.12490678598061149,0.0023303504847129036,1073
777,5,risk_only,0.11446681580909769,0.0127703206562267,1073
777,5,network_only,0.12509321401938853,0.002143922445935864,1073
777,5,risk_network,0.11605145413870246,0.011185682326621926,1073
777,6,random,0.12061894108873975,0.002143922445935864,1073
777,6,risk_only,0.11139075316927666,0.011372110365398952,1073
777,6,network_only,0.12108501118568232,0.0016778523489932862,1073
777,6,risk_network,0.11129753914988814,0.011465324384787465,1073
777,7,random,0.11987322893363161,0.0018642803877703257,1073
777,7,risk_only,0.1092468307233408,0.012490678598061147,1073
777,7,network_only,0.11950037285607755,0.002237136465324391,1073
777,7,risk_network,0.11064504101416853,0.011092468307233413,1073
777,8,random,0.12509321401938853,0.0016778523489932862,1073
777,8,risk_only,0.11390753169276659,0.012863534675615226,1073
777,8,network_only,0.12527964205816555,0.0014914243102162605,1073
777,8,risk_network,0.11493288590604027,0.011838180462341544,1073
777,9,random,0.11819537658463833,0.002237136465324391,1073
777,9,risk_only,0.10952647278150635,0.010906040268456374,1073
777,9,network_only,0.11894108873974646,0.0014914243102162605,1073
777,9,risk_network,0.1104586129753915,0.009973900074571218,1073
777,10,random,0.12080536912751678,0.0023303504847128897,1073
777,10,risk_only,0.10906040268456375,0.01407531692766592,1073
777,10,network_only,0.1215510812826249,0.0015846383296047734,1073
777,10,risk_network,0.11129753914988814,0.01183818046234153,1073
777,11,random,0.11950037285607755,0.002982848620432521,1073
777,11,risk_only,0.11073825503355705,0.011744966442953017,1073
777,11,network_only,0.12080536912751678,0.0016778523489932862,1073
777,11,risk_network,0.11064504101416853,0.011838180462341544,1073
777,12,random,0.122110365398956,0.0024235645041014164,1073
777,12,risk_only,0.11316181953765847,0.011372110365398952,1073
777,12,network_only,0.12220357941834452,0.0023303504847129036,1073
777,12,risk_network,0.11428038777032065,0.01025354213273677,1073
777,13,random,0.11987322893363161,0.0024235645041014164,1073
777,13,risk_only,0.11036539895600299,0.011931394481730043,1073
777,13,network_only,0.12052572706935123,0.001771066368381799,1073
777,13,risk_network,0.11269574944071588,0.009601043997017153,1073
777,14,random,0.1226696495152871,0.002237136465324391,1073
777,14,risk_only,0.11306860551826994,0.011838180462341544,1073
777,14,network_only,0.12239000745712156,0.0025167785234899293,1073
777,14,risk_network,0.1151193139448173,0.009787472035794192,1073
777,15,random,0.12099179716629381,0.0015846383296047734,1073
777,15,risk_only,0.10980611483967188,0.0127703206562267,1073
777,15,network_only,0.12024608501118568,0.0023303504847129036,1073
777,15,risk_network,0.11213646532438479,0.010439970171513796,1073
777,16,random,0.1180089485458613,0.002143922445935864,1073
777,16,risk_only,0.10766219239373602,0.012490678598061147,1073
777,16,network_only,0.11838180462341537,0.001771066368381799,1073
777,16,risk_network,0.10887397464578673,0.011278896346010439,1073
777,17,random,0.11940715883668904,0.0027964205816554816,1073
777,17,risk_only,0.10850111856823266,0.013702460850111856,1073
777,17,network_only,0.12080536912751678,0.0013982102908277338,1073
777,17,risk_network,0.11008575689783744,0.012117822520507082,1073
777,18,random,0.12378821774794929,0.0023303504847128897,1073
777,18,risk_only,0.11418717375093214,0.011931394481730043,1073
777,18,network_only,0.12444071588366891,0.0016778523489932723,1073
777,18,risk_network,0.1151193139448173,0.010999254287844887,1073
777,19,random,0.12024608501118568,0.0024235645041014164,1073
777,19,risk_only,0.11083146905294557,0.01183818046234153,1073
777,19,network_only,0.1208985831469053,0.001771066368381799,1073
777,19,risk_network,0.1127889634601044,0.009880686055182691,1073
777,20,random,0.1185682326621924,0.002609992542878442,1073
777,20,risk_only,0.10971290082028337,0.011465324384787465,1073
777,20,network_only,0.11903430275913497,0.002143922445935864,1073
777,20,risk_network,0.1104586129753915,0.010719612229679334,1073
777,21,random,0.11707680835197613,0.0031692766592095467,1073
777,21,risk_only,0.10663683818046234,0.013609246830723343,1073
777,21,network_only,0.1186614466815809,0.0015846383296047734,1073
777,21,risk_network,0.10859433258762118,0.011651752423564504,1073
777,22,random,0.11968680089485459,0.0023303504847129036,1073
777,22,risk_only,0.10840790454884415,0.013609246830723343,1073
777,22,network_only,0.11968680089485459,0.0023303504847129036,1073
777,22,risk_network,0.11092468307233408,0.011092468307233413,1073
777,23,random,0.12201715137956749,0.0028896346010439944,1073
777,23,risk_only,0.1127889634601044,0.012117822520507082,1073
777,23,network_only,0.1232289336316182,0.0016778523489932862,1073
777,23,risk_network,0.1145600298284862,0.010346756152125283,1073
777,24,random,0.11931394481730052,0.001771066368381799,1073
777,24,risk_only,0.11017897091722595,0.010906040268456374,1073
777,24,network_only,0.11996644295302013,0.0011185682326621954,1073
777,24,risk_network,0.11120432513049963,0.009880686055182691,1073
777,25,random,0.12285607755406414,0.0015846383296047734,1073
777,25,risk_only,0.11055182699478001,0.013888888888888895,1073
777,25,network_only,0.12294929157345265,0.0014914243102162605,1073
777,25,risk_network,0.11344146159582401,0.0109992542878449,1073
777,26,random,0.12257643549589858,0.0028896346010439944,1073
777,26,risk_only,0.11344146159582401,0.01202460850111857,1073
777,26,network_only,0.12369500372856078,0.001771066368381799,1073
777,26,risk_network,0.11483967188665176,0.010626398210290822,1073
777,27,random,0.12043251304996272,0.0027964205816554816,1073
777,27,risk_only,0.11232289336316181,0.010906040268456388,1073
777,27,network_only,0.12183072334079045,0.0013982102908277477,1073
777,27,risk_network,0.11428038777032065,0.00894854586129755,1073
777,28,random,0.12108501118568232,0.0027964205816554816,1073
777,28,risk_only,0.11185682326621924,0.01202460850111857,1073
777,28,network_only,0.12220357941834452,0.0016778523489932862,1073
777,28,risk_network,0.11288217747949292,0.010999254287844887,1073
777,29,random,0.1180089485458613,0.0025167785234899293,1073
777,29,risk_only,0.10766219239373602,0.012863534675615212,1073
777,29,network_only,0.11828859060402684,0.002237136465324391,1073
777,29,risk_network,0.1092468307233408,0.011278896346010439,1073
9001,0,random,0.12052572706935123,0.002609992542878442,1073
9001,0,risk_only,0.11129753914988814,0.01183818046234153,1073
9001,0,network_only,0.12183072334079045,0.001304996271439221,1073
9001,0,risk_network,0.11297539149888143,0.010160328113348244,1073
9001,1,random,0.12033929903057419,0.0015846383296047734,1073
9001,1,risk_only,0.11083146905294557,0.0110924683072334,1073
9001,1,network_only,0.12005965697240865,0.0018642803877703118,1073
9001,1,risk_network,0.11167039522744221,0.010253542132736757,1073
9001,2,random,0.12136465324384788,0.0023303504847129036,1073
9001,2,risk_only,0.11073825503355705,0.012956748695003725,1073
9001,2,network_only,0.1215510812826249,0.002143922445935878,1073
9001,2,risk_network,0.11204325130499627,0.011651752423564504,1073
9001,3,random,0.11912751677852348,0.0017710663683818129,1073
9001,3,risk_only,0.10887397464578673,0.01202460850111857,1073
9001,3,network_only,0.11987322893363161,0.0010253542132736826,1073
9001,3,risk_network,0.11027218493661446,0.010626398210290836,1073
9001,4,random,0.12043251304996272,0.0028896346010439944,1073
9001,4,risk_only,0.1104586129753915,0.012863534675615212,1073
9001,4,network_only,0.12145786726323639,0.0018642803877703257,1073
9001,4,risk_network,0.11176360924683072,0.011558538404175991,1073
9001,5,random,0.1226696495152871,0.002143922445935878,1073
9001,5,risk_only,0.11232289336316181,0.012490678598061161,1073
9001,5,network_only,0.12294929157345265,0.0018642803877703257,1073
9001,5,risk_network,0.11446681580909769,0.010346756152125283,1073
9001,6,random,0.11996644295302013,0.002982848620432521,1073
9001,6,risk_only,0.11148396718866517,0.011465324384787479,1073
9001,6,network_only,0.12108501118568232,0.0018642803877703257,1073
9001,6,risk_network,0.11288217747949292,0.010067114093959731,1073
9001,7,random,0.11838180462341537,0.002609992542878442,1073
9001,7,risk_only,0.10868754660700969,0.012304250559284122,1073
9001,7,network_only,0.11950037285607755,0.0014914243102162605,1073
9001,7,risk_network,0.10999254287844892,0.010999254287844887,1073
9001,8,random,0.12192393736017897,0.003076062639821034,1073
9001,8,risk_only,0.1122296793437733,0.0127703206562267,1073
9001,8,network_only,0.12285607755406414,0.002143922445935864,1073
9001,8,risk_network,0.11381431767337807,0.011185682326621926,1073
9001,9,random,0.1232289336316182,0.0021439224459358502,1073
9001,9,risk_only,0.11260253542132737,0.012770320656226686,1073
9001,9,network_only,0.12416107382550336,0.0012117822520506943,1073
9001,9,risk_network,0.11437360178970918,0.010999254287844873,1073
9001,10,random,0.11623788217747949,0.0027964205816554816,1073
9001,10,risk_only,0.10533184190902312,0.013702460850111856,1073
9001,10,network_only,0.1174496644295302,0.0015846383296047734,1073
9001,10,risk_network,0.10719612229679344,0.01183818046234153,1073
9001,11,random,0.12350857568978374,0.0027964205816554955,1073
9001,11,risk_only,0.11306860551826994,0.013236390753169291,1073
9001,11,network_only,0.12425428784489187,0.002050708426547365,1073
9001,11,risk_network,0.11493288590604027,0.011372110365398966,1073
9001,12,random,0.11502609992542878,0.003448918717375099,1073
9001,12,risk_only,0.1058911260253542,0.012583892617449674,1073
9001,12,network_only,0.11670395227442207,0.0017710663683818129,1073
9001,12,risk_network,0.10710290827740492,0.011372110365398966,1073
9001,13,random,0.11968680089485459,0.0027032065622669688,1073
9001,13,risk_only,0.1111111111111111,0.011278896346010453,1073
9001,13,network_only,0.12117822520507084,0.001211782252050722,1073
9001,13,risk_network,0.11204325130499627,0.010346756152125283,1073
9001,14,random,0.12369500372856078,0.0024235645041014026,1073
9001,14,risk_only,0.11269574944071588,0.013422818791946303,1073
9001,14,network_only,0.12397464578672632,0.002143922445935864,1073
9001,14,risk_network,0.11316181953765847,0.012956748695003711,1073
9001,15,random,0.11987322893363161,0.0028896346010439944,1073
9001,15,risk_only,0.1092468307233408,0.013516032811334816,1073
9001,15,network_only,0.12080536912751678,0.0019574944071588246,1073
9001,15,risk_network,0.11055182699478001,0.012211036539895595,1073
9001,16,random,0.12332214765100671,0.002237136465324391,1073
9001,16,risk_only,0.11325503355704698,0.012304250559284122,1073
9001,16,network_only,0.12378821774794929,0.0017710663683818129,1073
9001,16,risk_network,0.11483967188665176,0.010719612229679348,1073
9001,17,random,0.11595824011931395,0.002143922445935864,1073
9001,17,risk_only,0.10570469798657718,0.012397464578672635,1073
9001,17,network_only,0.11651752423564504,0.0015846383296047734,1073
9001,17,risk_network,0.10719612229679344,0.010906040268456374,1073
9001,18,random,0.12220357941834452,0.0027964205816554816,1073
9001,18,risk_only,0.11176360924683072,0.013236390753169278,1073
9001,18,network_only,0.12350857568978374,0.0014914243102162605,1073
9001,18,risk_network,0.11353467561521252,0.011465324384787479,1073
9001,19,random,0.12304250559284116,0.0027032065622669688,1073
9001,19,risk_only,0.11316181953765847,0.01258389261744966,1073
9001,19,network_only,0.12378821774794929,0.0019574944071588385,1073
9001,19,risk_network,0.11381431767337807,0.011931394481730057,1073
9001,20,random,0.1232289336316182,0.0014914243102162467,1073
9001,20,risk_only,0.11148396718866517,0.013236390753169278,1073
9001,20,network_only,0.12332214765100671,0.0013982102908277338,1073
9001,20,risk_network,0.1145600298284862,0.010160328113348244,1073
9001,21,random,0.12537285607755405,0.0024235645041014164,1073
9001,21,risk_only,0.11418717375093214,0.013609246830723329,1073
9001,21,network_only,0.12611856823266218,0.0016778523489932862,1073
9001,21,risk_network,0.11661073825503356,0.011185682326621912,1073
9001,22,random,0.12192393736017897,0.0023303504847129036,1073
9001,22,risk_only,0.11092468307233408,0.01332960477255779,1073
9001,22,network_only,0.12173750932140194,0.0025167785234899293,1073
9001,22,risk_network,0.11297539149888143,0.011278896346010439,1073
9001,23,random,0.12033929903057419,0.0019574944071588385,1073
9001,23,risk_only,0.11073825503355705,0.011558538404175978,1073
9001,23,network_only,0.12108501118568232,0.0012117822520507082,1073
9001,23,risk_network,0.11167039522744221,0.010626398210290822,1073
9001,24,random,0.12276286353467561,0.0023303504847129175,1073
9001,24,risk_only,0.11241610738255034,0.012677106636838187,1073
9001,24,network_only,0.12397464578672632,0.0011185682326622093,1073
9001,24,risk_network,0.11362788963460105,0.011465324384787479,1073
9001,25,random,0.12416107382550336,0.002143922445935878,1073
9001,25,risk_only,0.11493288590604027,0.011372110365398966,1073
9001,25,network_only,0.12462714392244593,0.0016778523489933,1073
9001,25,risk_network,0.1167971662938106,0.00950782997762864,1073
9001,26,random,0.122110365398956,0.0023303504847129036,1073
9001,26,risk_only,0.1111111111111111,0.013329604772557804,1073
9001,26,network_only,0.12276286353467561,0.0016778523489933,1073
9001,26,risk_network,0.11353467561521252,0.010906040268456388,1073
9001,27,random,0.12276286353467561,0.0023303504847129175,1073
9001,27,risk_only,0.11120432513049963,0.013888888888888895,1073
9001,27,network_only,0.12313571961222967,0.0019574944071588524,1073
9001,27,risk_network,0.11344146159582401,0.011651752423564518,1073
9001,28,random,0.12313571961222967,0.0020507084265473513,1073
9001,28,risk_only,0.11325503355704698,0.011931394481730043,1073
9001,28,network_only,0.1232289336316182,0.0019574944071588246,1073
9001,28,risk_network,0.11418717375093214,0.010999254287844887,1073
9001,29,random,0.12108501118568232,0.002982848620432521,1073
9001,29,risk_only,0.11260253542132737,0.011465324384787479,1073
9001,29,network_only,0.12248322147651007,0.0015846383296047734,1073
9001,29,risk_network,0.11400074571215511,0.010067114093959731,1073
